id,firstname,lastname,afm,email
100,Vere,Zola,4297300,Vere.Zola@yopmail.com
101,Vevay,Travax,7331098,Vevay.Travax@yopmail.com
102,Dania,Amand,5231638,Dania.Amand@yopmail.com
103,Dorthy,Atcliffe,6537979,Dorthy.Atcliffe@yopmail.com
104,Ira,Luhe,1425521,Ira.Luhe@yopmail.com
105,Priscilla,Berard,3699872,Priscilla.Berard@yopmail.com
106,Gwyneth,Roxanna,9336611,Gwyneth.Roxanna@yopmail.com
107,Layla,Artie,6754705,Layla.Artie@yopmail.com
108,Joceline,Lorenz,8015864,Joceline.Lorenz@yopmail.com
109,Lelah,Pulsifer,8866186,Lelah.Pulsifer@yopmail.com
110,Ketti,Marlie,3099253,Ketti.Marlie@yopmail.com
111,Leona,Demitria,6783698,Leona.Demitria@yopmail.com
112,Amara,Calhoun,3063247,Amara.Calhoun@yopmail.com
113,Celisse,Faria,9674598,Celisse.Faria@yopmail.com
114,Nonnah,Virgin,2584744,Nonnah.Virgin@yopmail.com
115,Roslyn,Oscar,2011873,Roslyn.Oscar@yopmail.com
116,Joane,Rugen,7103035,Joane.Rugen@yopmail.com
117,Carlie,Gherardo,6912137,Carlie.Gherardo@yopmail.com
118,Zondra,Romelda,4440754,Zondra.Romelda@yopmail.com
119,Karly,Tremayne,5370708,Karly.Tremayne@yopmail.com
120,Ketti,Serilda,4048073,Ketti.Serilda@yopmail.com
121,Tonia,Nore,3770038,Tonia.Nore@yopmail.com
122,Lynnea,Faust,3297030,Lynnea.Faust@yopmail.com
123,Johna,Magdalen,1154086,Johna.Magdalen@yopmail.com
124,Cindelyn,Ortrude,1495301,Cindelyn.Ortrude@yopmail.com
125,Anallese,Lumbard,4141068,Anallese.Lumbard@yopmail.com
126,Donetta,Heisel,2910361,Donetta.Heisel@yopmail.com
127,Madalyn,Bronk,1753388,Madalyn.Bronk@yopmail.com
128,Michaelina,Hylan,5415159,Michaelina.Hylan@yopmail.com
129,Lynea,Zitvaa,7837971,Lynea.Zitvaa@yopmail.com
130,Elbertina,Monk,1681498,Elbertina.Monk@yopmail.com
131,Merle,Ventre,7772426,Merle.Ventre@yopmail.com
132,Yvonne,Fredi,8339252,Yvonne.Fredi@yopmail.com
133,Celene,Sigfrid,5464304,Celene.Sigfrid@yopmail.com
134,Gianina,Llovera,251630,Gianina.Llovera@yopmail.com
135,Rosaline,Sprage,4030408,Rosaline.Sprage@yopmail.com
136,Elbertina,Irmine,8244429,Elbertina.Irmine@yopmail.com
137,Georgetta,Evvie,4545073,Georgetta.Evvie@yopmail.com
138,Nariko,Nisbet,5979732,Nariko.Nisbet@yopmail.com
139,Gilligan,Vacuva,1570787,Gilligan.Vacuva@yopmail.com
140,Elie,Harday,8952077,Elie.Harday@yopmail.com
141,Margalo,Vale,2752470,Margalo.Vale@yopmail.com
142,Queenie,Corilla,9718335,Queenie.Corilla@yopmail.com
143,Marguerite,Saunderson,7117211,Marguerite.Saunderson@yopmail.com
144,Babita,Taam,1125490,Babita.Taam@yopmail.com
145,Drucie,Lissi,8281490,Drucie.Lissi@yopmail.com
146,Joy,Ricarda,3982496,Joy.Ricarda@yopmail.com
147,Elsie,Konyn,5364470,Elsie.Konyn@yopmail.com
148,Donnie,Arne,1126430,Donnie.Arne@yopmail.com
149,Katuscha,Markman,330999,Katuscha.Markman@yopmail.com
150,Deloria,Schonfeld,9583513,Deloria.Schonfeld@yopmail.com
151,Lizzie,Abram,7987029,Lizzie.Abram@yopmail.com
152,Goldie,Amethist,9491191,Goldie.Amethist@yopmail.com
153,Norine,Francyne,5400777,Norine.Francyne@yopmail.com
154,Sallie,Oscar,2406160,Sallie.Oscar@yopmail.com
155,Marsiella,Reinke,430378,Marsiella.Reinke@yopmail.com
156,Sybille,Margarete,3718749,Sybille.Margarete@yopmail.com
157,Lorne,Creamer,4610910,Lorne.Creamer@yopmail.com
158,Averyl,Marlie,8864453,Averyl.Marlie@yopmail.com
159,Tatiania,Urias,4664727,Tatiania.Urias@yopmail.com
160,Kerrin,Gualtiero,2839392,Kerrin.Gualtiero@yopmail.com
161,Wanda,Schwejda,3299316,Wanda.Schwejda@yopmail.com
162,Cristabel,Phyllis,9584817,Cristabel.Phyllis@yopmail.com
163,Louella,Herrera,1946303,Louella.Herrera@yopmail.com
164,Layla,Delila,8354033,Layla.Delila@yopmail.com
165,Rozele,Jerold,9098839,Rozele.Jerold@yopmail.com
166,Iseabal,Kathie,4131824,Iseabal.Kathie@yopmail.com
167,Codie,Nedrud,747109,Codie.Nedrud@yopmail.com
168,Vonny,Ashok,5503002,Vonny.Ashok@yopmail.com
169,Elyssa,Eckblad,3780258,Elyssa.Eckblad@yopmail.com
170,Orsola,Thilda,5238656,Orsola.Thilda@yopmail.com
171,Winny,Loleta,7186698,Winny.Loleta@yopmail.com
172,Daune,Sparhawk,8567863,Daune.Sparhawk@yopmail.com
173,Malina,Gower,4084027,Malina.Gower@yopmail.com
174,Hannis,Carmena,1656871,Hannis.Carmena@yopmail.com
175,Amelia,Kendrick,162607,Amelia.Kendrick@yopmail.com
176,Konstance,Peti,3848222,Konstance.Peti@yopmail.com
177,Marleah,Philipp,9551249,Marleah.Philipp@yopmail.com
178,Flory,Ciapas,225391,Flory.Ciapas@yopmail.com
179,Rayna,Billye,5206526,Rayna.Billye@yopmail.com
180,Rebeca,Colyer,6062989,Rebeca.Colyer@yopmail.com
181,Ashlee,Flita,6072844,Ashlee.Flita@yopmail.com
182,Tressa,Tice,6604615,Tressa.Tice@yopmail.com
183,Christal,Toni,1230152,Christal.Toni@yopmail.com
184,Jillayne,Vacuva,226317,Jillayne.Vacuva@yopmail.com
185,Gabi,Vorster,9074740,Gabi.Vorster@yopmail.com
186,Ursulina,Toffic,9023795,Ursulina.Toffic@yopmail.com
187,Albertina,Lacombe,999657,Albertina.Lacombe@yopmail.com
188,Cassandra,Lunsford,5269713,Cassandra.Lunsford@yopmail.com
189,Shandie,Hourigan,4275652,Shandie.Hourigan@yopmail.com
190,Ulrike,Jobi,5466442,Ulrike.Jobi@yopmail.com
191,Marcy,Radu,4172427,Marcy.Radu@yopmail.com
192,Ekaterina,Schonfeld,9118137,Ekaterina.Schonfeld@yopmail.com
193,Myrtice,Milde,8459005,Myrtice.Milde@yopmail.com
194,Alexine,Kalinda,174634,Alexine.Kalinda@yopmail.com
195,Joane,Stacy,7370547,Joane.Stacy@yopmail.com
196,Gavrielle,Eiser,889840,Gavrielle.Eiser@yopmail.com
197,Marylou,Hunfredo,1641793,Marylou.Hunfredo@yopmail.com
198,Rosaline,Fax,4627594,Rosaline.Fax@yopmail.com
199,Mignon,Kiyoshi,5037477,Mignon.Kiyoshi@yopmail.com
200,Nannie,Nerita,4072563,Nannie.Nerita@yopmail.com
201,Chere,Suanne,7993840,Chere.Suanne@yopmail.com
202,Albertina,Gabrielli,8317386,Albertina.Gabrielli@yopmail.com
203,Aubrie,Krystle,7879630,Aubrie.Krystle@yopmail.com
204,Annecorinne,Annabella,1366705,Annecorinne.Annabella@yopmail.com
205,Rochette,Melleta,8471200,Rochette.Melleta@yopmail.com
206,Romona,Olin,5863282,Romona.Olin@yopmail.com
207,Hayley,Anis,2979082,Hayley.Anis@yopmail.com
208,Alex,McLaughlin,4082654,Alex.McLaughlin@yopmail.com
209,Di,Markman,232214,Di.Markman@yopmail.com
210,Arlena,Rustice,8328415,Arlena.Rustice@yopmail.com
211,Camile,Swigart,6226172,Camile.Swigart@yopmail.com
212,Madelle,Rudolph,97943,Madelle.Rudolph@yopmail.com
213,Evita,Wiener,5101523,Evita.Wiener@yopmail.com
214,Mallory,Munn,5804886,Mallory.Munn@yopmail.com
215,Selia,Leonard,8858060,Selia.Leonard@yopmail.com
216,Ottilie,Ferino,3755927,Ottilie.Ferino@yopmail.com
217,Jennica,Velick,6968286,Jennica.Velick@yopmail.com
218,Shaylyn,Douglass,4549175,Shaylyn.Douglass@yopmail.com
219,Marcelline,Grobe,4770007,Marcelline.Grobe@yopmail.com
220,Barbi,Sherfield,5724069,Barbi.Sherfield@yopmail.com
221,Raina,Penelopa,3073878,Raina.Penelopa@yopmail.com
222,Sadie,Goth,7196228,Sadie.Goth@yopmail.com
223,Shannah,Philipp,3642519,Shannah.Philipp@yopmail.com
224,Aimil,Masao,5603335,Aimil.Masao@yopmail.com
225,Iseabal,Voletta,1350896,Iseabal.Voletta@yopmail.com
226,Desirae,Revkah,6732733,Desirae.Revkah@yopmail.com
227,Louella,Joli,8344003,Louella.Joli@yopmail.com
228,Althea,Autrey,5933662,Althea.Autrey@yopmail.com
229,Marjie,Chrystel,2742049,Marjie.Chrystel@yopmail.com
230,Winny,Jarib,433577,Winny.Jarib@yopmail.com
231,Laurene,Klemperer,4715265,Laurene.Klemperer@yopmail.com
232,Rosanne,Gilmour,1579730,Rosanne.Gilmour@yopmail.com
233,Jessamyn,Karna,8607017,Jessamyn.Karna@yopmail.com
234,Mathilda,Leifeste,6745540,Mathilda.Leifeste@yopmail.com
235,Annice,Kunin,7655737,Annice.Kunin@yopmail.com
236,Dianemarie,Ajay,9096514,Dianemarie.Ajay@yopmail.com
237,Mallory,Miru,1362659,Mallory.Miru@yopmail.com
238,Maisey,Marisa,2453862,Maisey.Marisa@yopmail.com
239,Selia,Arley,9921945,Selia.Arley@yopmail.com
240,Kristina,Taima,8684393,Kristina.Taima@yopmail.com
241,Ebonee,Sophronia,3572607,Ebonee.Sophronia@yopmail.com
242,Stacey,Reneta,1448259,Stacey.Reneta@yopmail.com
243,Bettine,Wareing,2452528,Bettine.Wareing@yopmail.com
244,Margette,Fulmer,4316209,Margette.Fulmer@yopmail.com
245,Merle,Claudine,5778161,Merle.Claudine@yopmail.com
246,Margarette,Fennessy,2256817,Margarette.Fennessy@yopmail.com
247,Iseabal,Lorenz,6401977,Iseabal.Lorenz@yopmail.com
248,Doralynne,Girardo,631605,Doralynne.Girardo@yopmail.com
249,Larine,Wandie,6118009,Larine.Wandie@yopmail.com
250,Renie,Ivens,9680993,Renie.Ivens@yopmail.com
251,Beverley,Corilla,459485,Beverley.Corilla@yopmail.com
252,Jsandye,Zaslow,6214278,Jsandye.Zaslow@yopmail.com
253,Alex,Wallis,5911367,Alex.Wallis@yopmail.com
254,Edee,Stanwood,8894481,Edee.Stanwood@yopmail.com
255,Melina,Percy,6090980,Melina.Percy@yopmail.com
256,Morganica,Esmaria,1322971,Morganica.Esmaria@yopmail.com
257,Cordi,Norrie,5099115,Cordi.Norrie@yopmail.com
258,Darlleen,Giule,512449,Darlleen.Giule@yopmail.com
259,Rivalee,Orelee,2781190,Rivalee.Orelee@yopmail.com
260,Ardys,Kathie,5425332,Ardys.Kathie@yopmail.com
261,Karly,Mott,4131235,Karly.Mott@yopmail.com
262,Yolane,Trinetta,3271509,Yolane.Trinetta@yopmail.com
263,Gerrie,Cordi,7848114,Gerrie.Cordi@yopmail.com
264,Paule,Wattenberg,367328,Paule.Wattenberg@yopmail.com
265,Dorene,Nisbet,3322551,Dorene.Nisbet@yopmail.com
266,Molli,Damarra,7723510,Molli.Damarra@yopmail.com
267,Renie,Bow,4121405,Renie.Bow@yopmail.com
268,Anica,Louanna,7461419,Anica.Louanna@yopmail.com
269,Barbi,Leffen,3033828,Barbi.Leffen@yopmail.com
270,Paule,Seessel,8495194,Paule.Seessel@yopmail.com
271,Clary,Wildermuth,3080656,Clary.Wildermuth@yopmail.com
272,Lanna,Kauppi,5758690,Lanna.Kauppi@yopmail.com
273,Jennica,Revkah,4951115,Jennica.Revkah@yopmail.com
274,Julieta,Quinn,6242197,Julieta.Quinn@yopmail.com
275,Sadie,Pip,2141098,Sadie.Pip@yopmail.com
276,Nanete,Parette,5293631,Nanete.Parette@yopmail.com
277,Pearline,Sandye,1608438,Pearline.Sandye@yopmail.com
278,Lucy,Marsden,3431192,Lucy.Marsden@yopmail.com
279,Darci,Kaete,5304343,Darci.Kaete@yopmail.com
280,Violet,Gower,9168163,Violet.Gower@yopmail.com
281,Nataline,Adalbert,4583236,Nataline.Adalbert@yopmail.com
282,Maisey,Garbe,9005717,Maisey.Garbe@yopmail.com
283,Rochette,Firmin,317470,Rochette.Firmin@yopmail.com
284,Mahalia,Sperling,8301217,Mahalia.Sperling@yopmail.com
285,Lulita,Brian,7974500,Lulita.Brian@yopmail.com
286,Wanda,Marsden,84621,Wanda.Marsden@yopmail.com
287,Mahalia,Ochs,2369897,Mahalia.Ochs@yopmail.com
288,Ardeen,Tamsky,7740165,Ardeen.Tamsky@yopmail.com
289,Frank,Stuart,4417398,Frank.Stuart@yopmail.com
290,Ellette,Myrilla,5408193,Ellette.Myrilla@yopmail.com
291,Winifred,Kaja,7285573,Winifred.Kaja@yopmail.com
292,Helena,Riva,8947792,Helena.Riva@yopmail.com
293,Joane,Anis,4158961,Joane.Anis@yopmail.com
294,Aili,Capello,5802003,Aili.Capello@yopmail.com
295,Emylee,Robertson,3008406,Emylee.Robertson@yopmail.com
296,Clary,Harned,2842387,Clary.Harned@yopmail.com
297,Nelle,Shaver,6186002,Nelle.Shaver@yopmail.com
298,Kary,Wu,3039913,Kary.Wu@yopmail.com
299,Ariela,Kathie,4344069,Ariela.Kathie@yopmail.com
300,Kary,Carbo,2289130,Kary.Carbo@yopmail.com
301,Karly,Shaddock,5923301,Karly.Shaddock@yopmail.com
302,Sophia,Kendrick,1370217,Sophia.Kendrick@yopmail.com
303,Gloria,Longfellow,2010280,Gloria.Longfellow@yopmail.com
304,Taffy,Duwalt,5103088,Taffy.Duwalt@yopmail.com
305,Livvyy,Ammann,1820071,Livvyy.Ammann@yopmail.com
306,Renie,Wallis,6210260,Renie.Wallis@yopmail.com
307,Kellen,Eckblad,8003472,Kellen.Eckblad@yopmail.com
308,Alyssa,Malvino,4903923,Alyssa.Malvino@yopmail.com
309,Daune,Lane,1979782,Daune.Lane@yopmail.com
310,Madalyn,Baptlsta,7051288,Madalyn.Baptlsta@yopmail.com
311,Marline,Beebe,6812871,Marline.Beebe@yopmail.com
312,Trudie,Erskine,7600718,Trudie.Erskine@yopmail.com
313,Renie,McLaughlin,9705749,Renie.McLaughlin@yopmail.com
314,Beth,Vary,2377952,Beth.Vary@yopmail.com
315,Britni,Elo,5680693,Britni.Elo@yopmail.com
316,Candy,Celestine,6605692,Candy.Celestine@yopmail.com
317,Nannie,Goldina,6316025,Nannie.Goldina@yopmail.com
318,Felice,Thunell,8122771,Felice.Thunell@yopmail.com
319,Therine,Darrell,3944649,Therine.Darrell@yopmail.com
320,Debee,Yusuk,8395285,Debee.Yusuk@yopmail.com
321,Ricky,Gualtiero,1409006,Ricky.Gualtiero@yopmail.com
322,Edyth,Dawkins,4572828,Edyth.Dawkins@yopmail.com
323,Fanny,Tjon,5512218,Fanny.Tjon@yopmail.com
324,Valli,Berl,8320227,Valli.Berl@yopmail.com
325,Keelia,Karl,7174541,Keelia.Karl@yopmail.com
326,Bill,Cavan,4526120,Bill.Cavan@yopmail.com
327,Steffane,Sallyann,8832319,Steffane.Sallyann@yopmail.com
328,Oona,Sholley,3146691,Oona.Sholley@yopmail.com
329,Caressa,Bonilla,2206665,Caressa.Bonilla@yopmail.com
330,Wendi,Maples,9359645,Wendi.Maples@yopmail.com
331,Gloria,Mallon,8128344,Gloria.Mallon@yopmail.com
332,Ardenia,Freddi,9479934,Ardenia.Freddi@yopmail.com
333,Elvira,McClimans,6040255,Elvira.McClimans@yopmail.com
334,Emma,Mitzi,2545189,Emma.Mitzi@yopmail.com
335,Lorenza,Rocray,54107,Lorenza.Rocray@yopmail.com
336,Fidelia,Manolo,545948,Fidelia.Manolo@yopmail.com
337,Bernie,Palocz,4503725,Bernie.Palocz@yopmail.com
338,Harmonia,Zitvaa,4847165,Harmonia.Zitvaa@yopmail.com
339,Jackie,Cecile,8833454,Jackie.Cecile@yopmail.com
340,Constance,Libna,4261967,Constance.Libna@yopmail.com
341,Kimmy,Mayeda,1075887,Kimmy.Mayeda@yopmail.com
342,Noelle,Leifeste,162491,Noelle.Leifeste@yopmail.com
343,Vere,Ehrman,602050,Vere.Ehrman@yopmail.com
344,Odessa,Ajay,6140538,Odessa.Ajay@yopmail.com
345,Sherrie,Clarissa,7960528,Sherrie.Clarissa@yopmail.com
346,Ruthe,Erich,4270465,Ruthe.Erich@yopmail.com
347,Wileen,Dudley,8206273,Wileen.Dudley@yopmail.com
348,Corry,Durware,2607188,Corry.Durware@yopmail.com
349,Anica,Kravits,8333624,Anica.Kravits@yopmail.com
350,Marnia,Sophronia,6290675,Marnia.Sophronia@yopmail.com
351,Kaia,Dawkins,2928437,Kaia.Dawkins@yopmail.com
352,Albertina,Darian,5891946,Albertina.Darian@yopmail.com
353,Merrie,Parsaye,7192292,Merrie.Parsaye@yopmail.com
354,Willetta,Garlinda,5334194,Willetta.Garlinda@yopmail.com
355,Donetta,Milde,5494623,Donetta.Milde@yopmail.com
356,Deirdre,Tarrant,1992151,Deirdre.Tarrant@yopmail.com
357,Kassey,Dannye,8696397,Kassey.Dannye@yopmail.com
358,Lorie,Syd,2465478,Lorie.Syd@yopmail.com
359,Luci,Sallyann,4079183,Luci.Sallyann@yopmail.com
360,Aubrie,Keelia,332231,Aubrie.Keelia@yopmail.com
361,Lynde,Cornelia,5930486,Lynde.Cornelia@yopmail.com
362,Roxane,Ophelia,3920748,Roxane.Ophelia@yopmail.com
363,Tatiania,Martsen,9164039,Tatiania.Martsen@yopmail.com
364,Brynna,Callista,3152113,Brynna.Callista@yopmail.com
365,Juliane,Strephon,8059346,Juliane.Strephon@yopmail.com
366,Courtnay,Rhu,6209607,Courtnay.Rhu@yopmail.com
367,Fidelia,Lissi,7405550,Fidelia.Lissi@yopmail.com
368,Tamqrah,Anastatius,866081,Tamqrah.Anastatius@yopmail.com
369,Corry,Lilybelle,6536116,Corry.Lilybelle@yopmail.com
370,Gertrud,Olin,1241302,Gertrud.Olin@yopmail.com
371,Bibby,Paton,2588393,Bibby.Paton@yopmail.com
372,Anica,Cath,4887357,Anica.Cath@yopmail.com
373,Donnie,Cohdwell,9601298,Donnie.Cohdwell@yopmail.com
374,Gale,Read,8396077,Gale.Read@yopmail.com
375,Cyb,Wyn,3152259,Cyb.Wyn@yopmail.com
376,Sibella,Nerita,1147490,Sibella.Nerita@yopmail.com
377,Cherilyn,Chem,8763429,Cherilyn.Chem@yopmail.com
378,Priscilla,Fry,2647742,Priscilla.Fry@yopmail.com
379,Gratia,Jary,9482253,Gratia.Jary@yopmail.com
380,Cherrita,Pyle,7238191,Cherrita.Pyle@yopmail.com
381,Lacie,Orlene,4867759,Lacie.Orlene@yopmail.com
382,Teriann,Wallis,2752873,Teriann.Wallis@yopmail.com
383,Penelopa,Lalitta,9390921,Penelopa.Lalitta@yopmail.com
384,Bertine,Miru,4358994,Bertine.Miru@yopmail.com
385,Mallory,Francyne,9753764,Mallory.Francyne@yopmail.com
386,Jenilee,Naor,7740236,Jenilee.Naor@yopmail.com
387,Camile,Colbert,5430862,Camile.Colbert@yopmail.com
388,Merry,Valoniah,8235693,Merry.Valoniah@yopmail.com
389,Dacia,Boehike,3380271,Dacia.Boehike@yopmail.com
390,Molli,Love,720107,Molli.Love@yopmail.com
391,Jean,Cleavland,1686737,Jean.Cleavland@yopmail.com
392,Monika,Tamsky,8593278,Monika.Tamsky@yopmail.com
393,Aigneis,Lea,7873782,Aigneis.Lea@yopmail.com
394,Gertrud,Pyle,8947038,Gertrud.Pyle@yopmail.com
395,Ricky,Maisey,7891460,Ricky.Maisey@yopmail.com
396,Lucille,Sigfrid,2632503,Lucille.Sigfrid@yopmail.com
397,Kerrin,Bendick,5156041,Kerrin.Bendick@yopmail.com
398,Cordi,Louanna,1517786,Cordi.Louanna@yopmail.com
399,Sophia,Ortrude,2291373,Sophia.Ortrude@yopmail.com
400,Andree,Corilla,4619069,Andree.Corilla@yopmail.com
401,Georgina,Jess,9699313,Georgina.Jess@yopmail.com
402,Anthia,Jotham,8786311,Anthia.Jotham@yopmail.com
403,Susette,Romelda,9210782,Susette.Romelda@yopmail.com
404,Benita,Cordi,6935546,Benita.Cordi@yopmail.com
405,Christal,Calhoun,3780305,Christal.Calhoun@yopmail.com
406,Myriam,Sprage,1404199,Myriam.Sprage@yopmail.com
407,Dale,Primalia,7321773,Dale.Primalia@yopmail.com
408,Hildegaard,Margret,2118885,Hildegaard.Margret@yopmail.com
409,Helena,Iphlgenia,541601,Helena.Iphlgenia@yopmail.com
410,Claudina,Carlson,9167139,Claudina.Carlson@yopmail.com
411,Ardenia,Loleta,8704435,Ardenia.Loleta@yopmail.com
412,Gerrie,Teryn,3103856,Gerrie.Teryn@yopmail.com
413,Monika,Georas,76390,Monika.Georas@yopmail.com
414,Fanny,Dreda,1814792,Fanny.Dreda@yopmail.com
415,Audrie,Faro,8328757,Audrie.Faro@yopmail.com
416,Fred,Ledah,308293,Fred.Ledah@yopmail.com
417,Cacilie,Chrystel,2662273,Cacilie.Chrystel@yopmail.com
418,Gui,Stilwell,2494636,Gui.Stilwell@yopmail.com
419,Ashlee,Sandye,8279161,Ashlee.Sandye@yopmail.com
420,Aimil,Bow,941286,Aimil.Bow@yopmail.com
421,Cam,Fredi,7343729,Cam.Fredi@yopmail.com
422,Ashlee,Elo,6527242,Ashlee.Elo@yopmail.com
423,Nessie,Wadell,7975876,Nessie.Wadell@yopmail.com
424,Sidoney,Brieta,5569926,Sidoney.Brieta@yopmail.com
425,Kellen,Libna,3765148,Kellen.Libna@yopmail.com
426,Shaylyn,Dermott,5372971,Shaylyn.Dermott@yopmail.com
427,Hayley,Roche,6268609,Hayley.Roche@yopmail.com
428,Latisha,Fabiola,1870684,Latisha.Fabiola@yopmail.com
429,Evita,Revkah,5403833,Evita.Revkah@yopmail.com
430,Korrie,Brackely,5144590,Korrie.Brackely@yopmail.com
431,Babita,Janith,22005,Babita.Janith@yopmail.com
432,Janis,Markman,1915685,Janis.Markman@yopmail.com
433,Adriana,Christal,7564916,Adriana.Christal@yopmail.com
434,Annice,Hermes,2989021,Annice.Hermes@yopmail.com
435,Tracey,Eben,2317493,Tracey.Eben@yopmail.com
436,Alyssa,Harl,2492117,Alyssa.Harl@yopmail.com
437,Etta,Merna,8176791,Etta.Merna@yopmail.com
438,Quintina,McCutcheon,4859429,Quintina.McCutcheon@yopmail.com
439,Julieta,Libna,6464889,Julieta.Libna@yopmail.com
440,Kellen,August,1153590,Kellen.August@yopmail.com
441,Bernardine,Ursulette,1472975,Bernardine.Ursulette@yopmail.com
442,Caritta,Simmonds,2121109,Caritta.Simmonds@yopmail.com
443,Meghann,Donoghue,957763,Meghann.Donoghue@yopmail.com
444,Tracey,Eiser,7906453,Tracey.Eiser@yopmail.com
445,Devina,Helve,5975160,Devina.Helve@yopmail.com
446,Marti,Bevin,8683623,Marti.Bevin@yopmail.com
447,Ivett,Manolo,9264180,Ivett.Manolo@yopmail.com
448,Perry,Phi,8426509,Perry.Phi@yopmail.com
449,Bernardine,Aurelio,8177515,Bernardine.Aurelio@yopmail.com
450,Kate,Kravits,8686659,Kate.Kravits@yopmail.com
451,Addia,Pyle,5368983,Addia.Pyle@yopmail.com
452,Tressa,Ricarda,6149534,Tressa.Ricarda@yopmail.com
453,Ricky,Audly,2466049,Ricky.Audly@yopmail.com
454,Elena,Levey,5595936,Elena.Levey@yopmail.com
455,Janis,Pascia,1247233,Janis.Pascia@yopmail.com
456,Reeba,Kaete,4748920,Reeba.Kaete@yopmail.com
457,Elfreda,Jerald,203286,Elfreda.Jerald@yopmail.com
458,Emylee,Vale,9471359,Emylee.Vale@yopmail.com
459,Deirdre,Haldas,1338688,Deirdre.Haldas@yopmail.com
460,Brynna,Joachim,5887941,Brynna.Joachim@yopmail.com
461,Berget,Tryck,7621725,Berget.Tryck@yopmail.com
462,Elora,Dunkin,343904,Elora.Dunkin@yopmail.com
463,Molli,Wandie,7479758,Molli.Wandie@yopmail.com
464,Suzette,Felecia,4720573,Suzette.Felecia@yopmail.com
465,Lory,Braun,1801786,Lory.Braun@yopmail.com
466,Bee,Modie,70033,Bee.Modie@yopmail.com
467,Maud,Junie,6853082,Maud.Junie@yopmail.com
468,Carilyn,Shelba,970393,Carilyn.Shelba@yopmail.com
469,Reeba,Malanie,6654444,Reeba.Malanie@yopmail.com
470,Joceline,Cath,8768642,Joceline.Cath@yopmail.com
471,Cassandra,Parsaye,7630526,Cassandra.Parsaye@yopmail.com
472,Myriam,Danby,4016429,Myriam.Danby@yopmail.com
473,Rosanne,Wareing,4150569,Rosanne.Wareing@yopmail.com
474,Aurore,Secrest,6517449,Aurore.Secrest@yopmail.com
475,Linet,Brenn,1992509,Linet.Brenn@yopmail.com
476,Vonny,Erich,4701199,Vonny.Erich@yopmail.com
477,Marika,Goode,2025251,Marika.Goode@yopmail.com
478,Neila,Thomasina,6087899,Neila.Thomasina@yopmail.com
479,Corene,Seessel,9929660,Corene.Seessel@yopmail.com
480,Theodora,Kress,4996230,Theodora.Kress@yopmail.com
481,Tierney,Tamar,2442495,Tierney.Tamar@yopmail.com
482,Mahalia,Hylan,5182027,Mahalia.Hylan@yopmail.com
483,Dawn,Truc,3781753,Dawn.Truc@yopmail.com
484,Tonia,Lalitta,4266549,Tonia.Lalitta@yopmail.com
485,Zondra,Rona,5164384,Zondra.Rona@yopmail.com
486,Mariann,Ellerey,3862568,Mariann.Ellerey@yopmail.com
487,Sharai,Olnee,6581904,Sharai.Olnee@yopmail.com
488,Eve,McClimans,9570488,Eve.McClimans@yopmail.com
489,Ronna,Emerson,9026743,Ronna.Emerson@yopmail.com
490,Cristabel,Cullin,140326,Cristabel.Cullin@yopmail.com
491,Marline,Voletta,9214919,Marline.Voletta@yopmail.com
492,Averyl,Cottle,6814950,Averyl.Cottle@yopmail.com
493,Kelly,Isacco,1817383,Kelly.Isacco@yopmail.com
494,Stacey,Frendel,6379231,Stacey.Frendel@yopmail.com
495,Ottilie,Stevy,3622374,Ottilie.Stevy@yopmail.com
496,Jennica,Shama,7121697,Jennica.Shama@yopmail.com
497,Therine,Harned,5952670,Therine.Harned@yopmail.com
498,Rhoda,Mozelle,4440244,Rhoda.Mozelle@yopmail.com
499,Lory,Sammons,4726253,Lory.Sammons@yopmail.com
500,Joeann,Reneta,8714420,Joeann.Reneta@yopmail.com
501,Andree,McGrody,8152853,Andree.McGrody@yopmail.com
502,Nataline,Miru,3315715,Nataline.Miru@yopmail.com
503,Micheline,Wenoa,9975814,Micheline.Wenoa@yopmail.com
504,Kristan,Denis,3209745,Kristan.Denis@yopmail.com
505,Correy,Arvo,3202350,Correy.Arvo@yopmail.com
506,Ada,Ellerey,1558141,Ada.Ellerey@yopmail.com
507,Phylis,Septima,7848377,Phylis.Septima@yopmail.com
508,Dagmar,Klotz,704884,Dagmar.Klotz@yopmail.com
509,Lelah,O'Neill,330353,Lelah.O'Neill@yopmail.com
510,Aaren,Viddah,4892986,Aaren.Viddah@yopmail.com
511,Bettine,Borrell,7742812,Bettine.Borrell@yopmail.com
512,Anthia,Munn,2902195,Anthia.Munn@yopmail.com
513,Korrie,Danby,1975573,Korrie.Danby@yopmail.com
514,Deedee,Bearnard,6718327,Deedee.Bearnard@yopmail.com
515,Tersina,Bethany,6911439,Tersina.Bethany@yopmail.com
516,Mary,Cloris,7664295,Mary.Cloris@yopmail.com
517,Cyb,Pauly,4900322,Cyb.Pauly@yopmail.com
518,Melanie,Zola,9128819,Melanie.Zola@yopmail.com
519,Celene,Sacken,3151154,Celene.Sacken@yopmail.com
520,Theodora,Lanita,2512908,Theodora.Lanita@yopmail.com
521,Liana,Revkah,5631672,Liana.Revkah@yopmail.com
522,Myriam,Alice,6663986,Myriam.Alice@yopmail.com
523,Selia,Tyson,6675700,Selia.Tyson@yopmail.com
524,Ursulina,Saunderson,3179021,Ursulina.Saunderson@yopmail.com
525,Viki,Clarissa,5427319,Viki.Clarissa@yopmail.com
526,Ana,Garbe,4422348,Ana.Garbe@yopmail.com
527,Laure,Sprage,3730116,Laure.Sprage@yopmail.com
528,Jere,Clywd,5297983,Jere.Clywd@yopmail.com
529,Lorne,Bates,4312939,Lorne.Bates@yopmail.com
530,Belinda,Rheingold,5958944,Belinda.Rheingold@yopmail.com
531,Fanchon,Penelopa,8429121,Fanchon.Penelopa@yopmail.com
532,Benita,Harl,6899267,Benita.Harl@yopmail.com
533,Vinita,Belanger,6447985,Vinita.Belanger@yopmail.com
534,Anthia,Hailee,8784892,Anthia.Hailee@yopmail.com
535,Jenilee,Trace,7188457,Jenilee.Trace@yopmail.com
536,Myriam,Sprage,6832151,Myriam.Sprage@yopmail.com
537,Petronia,Izaak,6439644,Petronia.Izaak@yopmail.com
538,Verla,Celestine,6680504,Verla.Celestine@yopmail.com
539,Chrystel,Crudden,2155861,Chrystel.Crudden@yopmail.com
540,Cindelyn,Euridice,589124,Cindelyn.Euridice@yopmail.com
541,Kirstin,Buffum,8929888,Kirstin.Buffum@yopmail.com
542,Madelle,Waite,411085,Madelle.Waite@yopmail.com
543,Sibella,Hailee,359191,Sibella.Hailee@yopmail.com
544,Charmaine,Cassius,3910453,Charmaine.Cassius@yopmail.com
545,Leanna,Gladstone,5159869,Leanna.Gladstone@yopmail.com
546,Ginnie,Center,4289357,Ginnie.Center@yopmail.com
547,Antonietta,Ashok,9192751,Antonietta.Ashok@yopmail.com
548,Alleen,Alexandr,5232778,Alleen.Alexandr@yopmail.com
549,Sharai,Richers,6778204,Sharai.Richers@yopmail.com
550,Collen,Dahlia,2627263,Collen.Dahlia@yopmail.com
551,Fred,Lea,8195988,Fred.Lea@yopmail.com
552,Blondelle,Matthew,3076955,Blondelle.Matthew@yopmail.com
553,Alleen,Carey,669596,Alleen.Carey@yopmail.com
554,Nadine,Rooney,4122382,Nadine.Rooney@yopmail.com
555,Lily,Baylor,6915270,Lily.Baylor@yopmail.com
556,Fernande,Ardeha,6376650,Fernande.Ardeha@yopmail.com
557,Cissiee,Brunell,5654013,Cissiee.Brunell@yopmail.com
558,Agnese,Blisse,1041444,Agnese.Blisse@yopmail.com
559,Merci,Etom,6632969,Merci.Etom@yopmail.com
560,Marguerite,Jenness,3440412,Marguerite.Jenness@yopmail.com
561,Joelly,Minetta,7892720,Joelly.Minetta@yopmail.com
562,Abbie,Ophelia,5706846,Abbie.Ophelia@yopmail.com
563,Deedee,Therine,1278930,Deedee.Therine@yopmail.com
564,Glenda,Bouchard,270872,Glenda.Bouchard@yopmail.com
565,Corly,Shanley,7809200,Corly.Shanley@yopmail.com
566,Susette,Junie,2383892,Susette.Junie@yopmail.com
567,Adelle,O'Neill,9558604,Adelle.O'Neill@yopmail.com
568,Babita,Tamsky,1780634,Babita.Tamsky@yopmail.com
569,Louella,Truc,2932524,Louella.Truc@yopmail.com
570,Sandie,Lilybelle,253794,Sandie.Lilybelle@yopmail.com
571,Teriann,Fairweather,3985304,Teriann.Fairweather@yopmail.com
572,Calla,Brieta,7854353,Calla.Brieta@yopmail.com
573,Fina,Henrie,9131567,Fina.Henrie@yopmail.com
574,Demetris,MacIntosh,2983305,Demetris.MacIntosh@yopmail.com
575,Paola,Lamoree,8331032,Paola.Lamoree@yopmail.com
576,Julieta,Jethro,555006,Julieta.Jethro@yopmail.com
577,Angelique,Decato,3227397,Angelique.Decato@yopmail.com
578,Ulrike,Dunkin,8569574,Ulrike.Dunkin@yopmail.com
579,Kirbee,Kellby,320957,Kirbee.Kellby@yopmail.com
580,Joane,Kimmie,3279269,Joane.Kimmie@yopmail.com
581,Kamilah,Ariella,6820730,Kamilah.Ariella@yopmail.com
582,Di,Tamar,260817,Di.Tamar@yopmail.com
583,Aryn,Allina,7463717,Aryn.Allina@yopmail.com
584,Tani,Rudolph,1123968,Tani.Rudolph@yopmail.com
585,Jennica,Konyn,3156235,Jennica.Konyn@yopmail.com
586,Cacilie,Franza,7069772,Cacilie.Franza@yopmail.com
587,Betta,Orelee,6653170,Betta.Orelee@yopmail.com
588,Desirae,Woodberry,1862687,Desirae.Woodberry@yopmail.com
589,Netty,Monk,5307872,Netty.Monk@yopmail.com
590,Marline,Letsou,483471,Marline.Letsou@yopmail.com
591,Halette,Zrike,8012500,Halette.Zrike@yopmail.com
592,Gabriellia,Gaal,145048,Gabriellia.Gaal@yopmail.com
593,Caressa,Chandler,397814,Caressa.Chandler@yopmail.com
594,Lory,Pyle,5425869,Lory.Pyle@yopmail.com
595,Fred,Jalbert,681881,Fred.Jalbert@yopmail.com
596,Melodie,Wildermuth,1557028,Melodie.Wildermuth@yopmail.com
597,Flory,Argus,1248475,Flory.Argus@yopmail.com
598,Sabina,Lenny,3164660,Sabina.Lenny@yopmail.com
599,Ebonee,Tristram,286187,Ebonee.Tristram@yopmail.com